{
  "timestamp": "20240326_1030",
  "data": {
    "lookback": 336,
    "weeks": 1,
    "days": 0,
    "periods": 0
  },
  "RMSE": {
    "train": 31.31586515126785,
    "test": 47.35094260792572
  }
}